-- MySQL dump 10.13  Distrib 5.7.12, for Win64 (x86_64)
--
-- Host: localhost    Database: cxjy
-- ------------------------------------------------------
-- Server version	5.7.17-log

/*!40101 SET @OLD_CHARACTER_SET_CLIENT=@@CHARACTER_SET_CLIENT */;
/*!40101 SET @OLD_CHARACTER_SET_RESULTS=@@CHARACTER_SET_RESULTS */;
/*!40101 SET @OLD_COLLATION_CONNECTION=@@COLLATION_CONNECTION */;
/*!40101 SET NAMES utf8 */;
/*!40103 SET @OLD_TIME_ZONE=@@TIME_ZONE */;
/*!40103 SET TIME_ZONE='+00:00' */;
/*!40014 SET @OLD_UNIQUE_CHECKS=@@UNIQUE_CHECKS, UNIQUE_CHECKS=0 */;
/*!40014 SET @OLD_FOREIGN_KEY_CHECKS=@@FOREIGN_KEY_CHECKS, FOREIGN_KEY_CHECKS=0 */;
/*!40101 SET @OLD_SQL_MODE=@@SQL_MODE, SQL_MODE='NO_AUTO_VALUE_ON_ZERO' */;
/*!40111 SET @OLD_SQL_NOTES=@@SQL_NOTES, SQL_NOTES=0 */;

--
-- Table structure for table `tbl_answer`
--

DROP TABLE IF EXISTS `tbl_answer`;
/*!40101 SET @saved_cs_client     = @@character_set_client */;
/*!40101 SET character_set_client = utf8 */;
CREATE TABLE `tbl_answer` (
  `answer_id` int(11) NOT NULL AUTO_INCREMENT,
  `answer_info` varchar(45) DEFAULT NULL,
  `answer_analysis` text,
  `score` varchar(45) DEFAULT NULL,
  PRIMARY KEY (`answer_id`),
  UNIQUE KEY `answer_id_UNIQUE` (`answer_id`)
) ENGINE=InnoDB AUTO_INCREMENT=247 DEFAULT CHARSET=utf8;
/*!40101 SET character_set_client = @saved_cs_client */;

--
-- Dumping data for table `tbl_answer`
--

LOCK TABLES `tbl_answer` WRITE;
/*!40000 ALTER TABLE `tbl_answer` DISABLE KEYS */;
INSERT INTO `tbl_answer` VALUES (15,'E.饮食控制与行胰岛','A.单纯饮食控制','5'),(153,'A.心房颤动','%3Cp%3E%3Cspan%20style%3D%22font-size%3A12.0000pt%22%3E%3Cspan%20style%3D%22font-family%3A%u5B8B%u4F53%22%3EA.%u5FC3%u623F%u98A4%u52A8%3C/span%3E%3C/span%3E%3C/p%3E%0A','1'),(154,'A.心房颤动','%3Cp%3E%3Cspan%20style%3D%22font-size%3A12.0000pt%22%3E%3Cspan%20style%3D%22font-family%3A%u5B8B%u4F53%22%3EA.%u5FC3%u623F%u98A4%u52A8%3C/span%3E%3C/span%3E%3C/p%3E%0A','2'),(155,'A.心房颤动','%3Cp%3E%3Cspan%20style%3D%22font-size%3A12.0000pt%22%3E%3Cspan%20style%3D%22font-family%3A%u5B8B%u4F53%22%3EA.%u5FC3%u623F%u98A4%u52A8%3C/span%3E%3C/span%3E%3C/p%3E%0A','3'),(156,'分为','%3Cp%3E%3Cimg%20alt%3D%22%22%20src%3D%22http%3A//localhost%3A8080/upload/2017/05/08/1494225365445100.jpg%22%20style%3D%22height%3A50px%3B%20width%3A100px%22%20/%3E%3C/p%3E%0A','10'),(157,'分为','%3Cp%3E%u8303%u56F4%3C/p%3E%0A','1'),(158,'非违法','%3Cp%3E%u5206%u4E3A%3C/p%3E%0A','1'),(159,'为','%3Cp%3E%28*%uFFE33%uFFE3%29%u256D%5B%u98DE%u543B%5D%3C/p%3E%0A','0'),(160,'发改委','%3Cp%3E%3C%21--StartFragment%20--%3E%3Cimg%20src%3D%22file%3A///C%3A%5CUsers%5Crongyu%5CAppData%5CLocalLow%5CBaidu%5CBAIDUP%7E1%5Cdict%5CDefault%5CD98F5C%7E1.PNG%22%20/%3E%3Cimg%20alt%3D%22%22%20src%3D%22http%3A//localhost%3A8080/upload/2017/05/09/1494291931512725.jpg%22%20style%3D%22height%3A200px%3B%20width%3A120px%22%20/%3E%3C/p%3E%0A','-1'),(161,'A.左侧小脑，第四脑室 ','%3Cp%3E%3Cspan%20style%3D%22font-size%3A12.0000pt%22%3E%3Cspan%20style%3D%22font-family%3A%u5B8B%u4F53%22%3EA.%u5DE6%u4FA7%u5C0F%u8111%uFF0C%u7B2C%u56DB%u8111%u5BA4%20%3C/span%3E%3C/span%3E%3C/p%3E%0A','1'),(162,'A.左侧小脑，第四脑室 ','%3Cp%3E%3Cspan%20style%3D%22font-size%3A12.0000pt%22%3E%3Cspan%20style%3D%22font-family%3A%u5B8B%u4F53%22%3EA.%u5DE6%u4FA7%u5C0F%u8111%uFF0C%u7B2C%u56DB%u8111%u5BA4%20%3C/span%3E%3C/span%3E%3C/p%3E%0A','0'),(163,'A.左侧小脑，第四脑室 ','%3Cp%3E%3Cspan%20style%3D%22font-size%3A12.0000pt%22%3E%3Cspan%20style%3D%22font-family%3A%u5B8B%u4F53%22%3EA.%u5DE6%u4FA7%u5C0F%u8111%uFF0C%u7B2C%u56DB%u8111%u5BA4%20%3C/span%3E%3C/span%3E%3C/p%3E%0A','0'),(164,'A.左侧小脑，第四脑室 ','%3Cp%3E%3Cspan%20style%3D%22font-size%3A12.0000pt%22%3E%3Cspan%20style%3D%22font-family%3A%u5B8B%u4F53%22%3EA.%u5DE6%u4FA7%u5C0F%u8111%uFF0C%u7B2C%u56DB%u8111%u5BA4%20%3C/span%3E%3C/span%3E%3C/p%3E%0A','10'),(165,'A.左侧小脑，第四脑室 ','%3Cp%3E%3Cspan%20style%3D%22font-size%3A12.0000pt%22%3E%3Cspan%20style%3D%22font-family%3A%u5B8B%u4F53%22%3EA.%u5DE6%u4FA7%u5C0F%u8111%uFF0C%u7B2C%u56DB%u8111%u5BA4%20%3C/span%3E%3C/span%3E%3C/p%3E%0A','1'),(166,'A.左侧小脑，第四脑室 ','%3Cp%3E%3Cspan%20style%3D%22font-size%3A12.0000pt%22%3E%3Cspan%20style%3D%22font-family%3A%u5B8B%u4F53%22%3EA.%u5DE6%u4FA7%u5C0F%u8111%uFF0C%u7B2C%u56DB%u8111%u5BA4%20%3C/span%3E%3C/span%3E%3C/p%3E%0A','-1'),(167,'A.左侧小脑，第四脑室 ','%3Cp%3E%3Cspan%20style%3D%22font-size%3A12.0000pt%22%3E%3Cspan%20style%3D%22font-family%3A%u5B8B%u4F53%22%3EA.%u5DE6%u4FA7%u5C0F%u8111%uFF0C%u7B2C%u56DB%u8111%u5BA4%20%3C/span%3E%3C/span%3E%3C/p%3E%0A','1'),(185,'E.食管平滑肌瘤','%3Cp%3E%3Cspan%20style%3D%22font-size%3A12.0000pt%22%3E%3Cspan%20style%3D%22font-family%3A%u5B8B%u4F53%22%3EE.%u98DF%u7BA1%u5E73%u6ED1%u808C%u7624%3C/span%3E%3C/span%3E%3C/p%3E%0A','1'),(186,'E.食管平滑肌瘤','%3Cp%3E%3Cspan%20style%3D%22font-size%3A12.0000pt%22%3E%3Cspan%20style%3D%22font-family%3A%u5B8B%u4F53%22%3EE.%u98DF%u7BA1%u5E73%u6ED1%u808C%u7624%3C/span%3E%3C/span%3E%3C/p%3E%0A','1'),(187,'E.食管平滑肌瘤','%3Cp%3E%3Cspan%20style%3D%22font-size%3A12.0000pt%22%3E%3Cspan%20style%3D%22font-family%3A%u5B8B%u4F53%22%3EE.%u98DF%u7BA1%u5E73%u6ED1%u808C%u7624%3C/span%3E%3C/span%3E%3C/p%3E%0A','-3'),(188,'A.肺癌 B.肺结核 C.肺棘球蚴病','%3Cp%3E%3Cspan%20style%3D%22font-size%3A12.0000pt%22%3E%3Cspan%20style%3D%22font-family%3A%u5B8B%u4F53%22%3EA.%u80BA%u764C%20B.%u80BA%u7ED3%u6838%20C.%u80BA%u68D8%u7403%u86B4%u75C5%3C/span%3E%3C/span%3E%3C/p%3E%0A','10'),(189,'A.肺癌 B.肺结核 C.肺棘球蚴病','%3Cp%3E%3Cspan%20style%3D%22font-size%3A12.0000pt%22%3E%3Cspan%20style%3D%22font-family%3A%u5B8B%u4F53%22%3EA.%u80BA%u764C%20B.%u80BA%u7ED3%u6838%20C.%u80BA%u68D8%u7403%u86B4%u75C5%3C/span%3E%3C/span%3E%3C/p%3E%0A','-1'),(190,'A.肺癌 B.肺结核 C.肺棘球蚴病','%3Cp%3E%3Cspan%20style%3D%22font-size%3A12.0000pt%22%3E%3Cspan%20style%3D%22font-family%3A%u5B8B%u4F53%22%3EA.%u80BA%u764C%20B.%u80BA%u7ED3%u6838%20C.%u80BA%u68D8%u7403%u86B4%u75C5%3C/span%3E%3C/span%3E%3C/p%3E%0A','6'),(191,'A.肺癌 B.肺结核 C.肺棘球蚴病','%3Cp%3E%3Cspan%20style%3D%22font-size%3A12.0000pt%22%3E%3Cspan%20style%3D%22font-family%3A%u5B8B%u4F53%22%3EA.%u80BA%u764C%20B.%u80BA%u7ED3%u6838%20C.%u80BA%u68D8%u7403%u86B4%u75C5%3C/span%3E%3C/span%3E%3C/p%3E%0A','-3'),(192,'A.肾癌 ','%3Cp%3E%3Cspan%20style%3D%22font-size%3A12.0000pt%22%3E%3Cspan%20style%3D%22font-family%3A%u5B8B%u4F53%22%3EA.%u80BE%u764C%20B.%u591A%u56CA%u80BE%20C.%u80BE%u80DA%u80CE%u7624%3C/span%3E%3C/span%3E%3C/p%3E%0A','1'),(193,'A.肾癌 ','%3Cp%3E%3Cspan%20style%3D%22font-size%3A12.0000pt%22%3E%3Cspan%20style%3D%22font-family%3A%u5B8B%u4F53%22%3EA.%u80BE%u764C%20B.%u591A%u56CA%u80BE%20C.%u80BE%u80DA%u80CE%u7624%3C/span%3E%3C/span%3E%3C/p%3E%0A','-3'),(194,'A.肾癌 ','%3Cp%3E%3Cspan%20style%3D%22font-size%3A12.0000pt%22%3E%3Cspan%20style%3D%22font-family%3A%u5B8B%u4F53%22%3EA.%u80BE%u764C%20B.%u591A%u56CA%u80BE%20C.%u80BE%u80DA%u80CE%u7624%3C/span%3E%3C/span%3E%3C/p%3E%0A','0'),(195,'A.肾癌 ','%3Cp%3E%3Cspan%20style%3D%22font-size%3A12.0000pt%22%3E%3Cspan%20style%3D%22font-family%3A%u5B8B%u4F53%22%3EA.%u80BE%u764C%20%3C/span%3E%3C/span%3E%3C/p%3E%0A','0'),(196,'A.肾癌 ','%3Cp%3E%3Cspan%20style%3D%22font-size%3A12.0000pt%22%3E%3Cspan%20style%3D%22font-family%3A%u5B8B%u4F53%22%3EA.%u80BE%u764C%20%3C/span%3E%3C/span%3E%3C/p%3E%0A','1'),(197,'A.急性肾炎 　 ','%3Cp%3E%3Cspan%20style%3D%22font-size%3A12.0000pt%22%3E%3Cspan%20style%3D%22font-family%3A%u5B8B%u4F53%22%3EB.%u6025%u6027%u8180%u80F1%u708E%20%u3000%3C/span%3E%3C/span%3E%3Cbr%20/%3E%0A%3Cspan%20style%3D%22font-size%3A12.0000pt%22%3E%3Cspan%20style%3D%22font-family%3A%u5B8B%u4F53%22%3EC.%u6025%u6027%u80BE%u76C2%u80BE%u708E%3C/span%3E%3C/span%3E%3Cbr%20/%3E%0A%3Cspan%20style%3D%22font-size%3A12.0000pt%22%3E%3Cspan%20style%3D%22font-family%3A%u5B8B%u4F53%22%3ED.%u6025%u6027%u5C3F%u9053%u708E%20%u3000%20%3C/span%3E%3C/span%3E%3Cbr%20/%3E%0A%3Cspan%20style%3D%22font-size%3A12.0000pt%22%3E%3Cspan%20style%3D%22font-family%3A%u5B8B%u4F53%22%3EE.%u80BE%u5468%u56F4%u708E%3C/span%3E%3C/span%3E%3C/p%3E%0A','4'),(198,'A.急性肾炎 　 ','%3Cp%3E%3Cspan%20style%3D%22font-size%3A12.0000pt%22%3E%3Cspan%20style%3D%22font-family%3A%u5B8B%u4F53%22%3EB.%u6025%u6027%u8180%u80F1%u708E%20%u3000%3C/span%3E%3C/span%3E%3Cbr%20/%3E%0A%3Cspan%20style%3D%22font-size%3A12.0000pt%22%3E%3Cspan%20style%3D%22font-family%3A%u5B8B%u4F53%22%3EC.%u6025%u6027%u80BE%u76C2%u80BE%u708E%3C/span%3E%3C/span%3E%3Cbr%20/%3E%0A%3Cspan%20style%3D%22font-size%3A12.0000pt%22%3E%3Cspan%20style%3D%22font-family%3A%u5B8B%u4F53%22%3ED.%u6025%u6027%u5C3F%u9053%u708E%20%u3000%20%3C/span%3E%3C/span%3E%3Cbr%20/%3E%0A%3Cspan%20style%3D%22font-size%3A12.0000pt%22%3E%3Cspan%20style%3D%22font-family%3A%u5B8B%u4F53%22%3EE.%u80BE%u5468%u56F4%u708E%3C/span%3E%3C/span%3E%3C/p%3E%0A','1'),(199,'A.急性肾炎 　 ','%3Cp%3E%3Cspan%20style%3D%22font-size%3A12.0000pt%22%3E%3Cspan%20style%3D%22font-family%3A%u5B8B%u4F53%22%3EB.%u6025%u6027%u8180%u80F1%u708E%20%u3000%3C/span%3E%3C/span%3E%3Cbr%20/%3E%0A%3Cspan%20style%3D%22font-size%3A12.0000pt%22%3E%3Cspan%20style%3D%22font-family%3A%u5B8B%u4F53%22%3EC.%u6025%u6027%u80BE%u76C2%u80BE%u708E%3C/span%3E%3C/span%3E%3Cbr%20/%3E%0A%3Cspan%20style%3D%22font-size%3A12.0000pt%22%3E%3Cspan%20style%3D%22font-family%3A%u5B8B%u4F53%22%3ED.%u6025%u6027%u5C3F%u9053%u708E%20%u3000%20%3C/span%3E%3C/span%3E%3Cbr%20/%3E%0A%3Cspan%20style%3D%22font-size%3A12.0000pt%22%3E%3Cspan%20style%3D%22font-family%3A%u5B8B%u4F53%22%3EE.%u80BE%u5468%u56F4%u708E%3C/span%3E%3C/span%3E%3C/p%3E%0A','-6'),(200,'C.急性肾盂肾炎','%3Cp%3E%3Cspan%20style%3D%22font-size%3A12.0000pt%22%3E%3Cspan%20style%3D%22font-family%3A%u5B8B%u4F53%22%3EB.%u6025%u6027%u8180%u80F1%u708E%20%u3000%3C/span%3E%3C/span%3E%3Cbr%20/%3E%0A%3Cspan%20style%3D%22font-size%3A12.0000pt%22%3E%3Cspan%20style%3D%22font-family%3A%u5B8B%u4F53%22%3EC.%u6025%u6027%u80BE%u76C2%u80BE%u708E%3C/span%3E%3C/span%3E%3Cbr%20/%3E%0A%3Cspan%20style%3D%22font-size%3A12.0000pt%22%3E%3Cspan%20style%3D%22font-family%3A%u5B8B%u4F53%22%3ED.%u6025%u6027%u5C3F%u9053%u708E%20%u3000%20%3C/span%3E%3C/span%3E%3Cbr%20/%3E%0A%3Cspan%20style%3D%22font-size%3A12.0000pt%22%3E%3Cspan%20style%3D%22font-family%3A%u5B8B%u4F53%22%3EE.%u80BE%u5468%u56F4%u708E%3C/span%3E%3C/span%3E%3C/p%3E%0A','0'),(201,'C.急性肾盂肾炎','%3Cp%3E%3Cimg%20alt%3D%22%22%20src%3D%22http%3A//localhost%3A8080/upload/2017/05/09/1494299454104144.jpg%22%20style%3D%22height%3A88px%3B%20width%3A230px%22%20/%3E%3C/p%3E%0A','1'),(202,'A.肾积脓 ','%3Cp%3E%3Cspan%20style%3D%22font-size%3A12.0000pt%22%3E%3Cspan%20style%3D%22font-family%3A%u5B8B%u4F53%22%3EA.%u80BE%u79EF%u8113%20%3C/span%3E%3C/span%3E%3Cbr%20/%3E%0A%3Cspan%20style%3D%22font-size%3A12.0000pt%22%3E%3Cspan%20style%3D%22font-family%3A%u5B8B%u4F53%22%3EB.%u80BE%u76AE%u8D28%u8113%u80BF%20%3C/span%3E%3C/span%3E%3Cbr%20/%3E%0A%3Cspan%20style%3D%22font-size%3A12.0000pt%22%3E%3Cspan%20style%3D%22font-family%3A%u5B8B%u4F53%22%3EC.%u6025%u6027%u80BE%u76C2%u80BE%u708E%3C/span%3E%3C/span%3E%3Cbr%20/%3E%0A%3Cspan%20style%3D%22font-size%3A12.0000pt%22%3E%3Cspan%20style%3D%22font-family%3A%u5B8B%u4F53%22%3ED.%u9ACB%u5173%u8282%u708E%20%3C/span%3E%3C/span%3E%3Cbr%20/%3E%0A%3Cspan%20style%3D%22font-size%3A12.0000pt%22%3E%3Cspan%20style%3D%22font-family%3A%u5B8B%u4F53%22%3EE.%u80BE%u5468%u56F4%u708E%3C/span%3E%3C/span%3E%3C/p%3E%0A','1'),(203,'A.肾积脓 ','%3Cp%3E%3Cspan%20style%3D%22font-size%3A12.0000pt%22%3E%3Cspan%20style%3D%22font-family%3A%u5B8B%u4F53%22%3EA.%u80BE%u79EF%u8113%20%3C/span%3E%3C/span%3E%3Cbr%20/%3E%0A%3Cspan%20style%3D%22font-size%3A12.0000pt%22%3E%3Cspan%20style%3D%22font-family%3A%u5B8B%u4F53%22%3EB.%u80BE%u76AE%u8D28%u8113%u80BF%20%3C/span%3E%3C/span%3E%3Cbr%20/%3E%0A%3Cspan%20style%3D%22font-size%3A12.0000pt%22%3E%3Cspan%20style%3D%22font-family%3A%u5B8B%u4F53%22%3EC.%u6025%u6027%u80BE%u76C2%u80BE%u708E%3C/span%3E%3C/span%3E%3Cbr%20/%3E%0A%3Cspan%20style%3D%22font-size%3A12.0000pt%22%3E%3Cspan%20style%3D%22font-family%3A%u5B8B%u4F53%22%3ED.%u9ACB%u5173%u8282%u708E%20%3C/span%3E%3C/span%3E%3Cbr%20/%3E%0A%3Cspan%20style%3D%22font-size%3A12.0000pt%22%3E%3Cspan%20style%3D%22font-family%3A%u5B8B%u4F53%22%3EE.%u80BE%u5468%u56F4%u708E%3C/span%3E%3C/span%3E%3C/p%3E%0A','0'),(204,'A.肾积脓 ','%3Cp%3E%3Cspan%20style%3D%22font-size%3A12.0000pt%22%3E%3Cspan%20style%3D%22font-family%3A%u5B8B%u4F53%22%3EA.%u80BE%u79EF%u8113%20%3C/span%3E%3C/span%3E%3Cbr%20/%3E%0A%3Cspan%20style%3D%22font-size%3A12.0000pt%22%3E%3Cspan%20style%3D%22font-family%3A%u5B8B%u4F53%22%3EB.%u80BE%u76AE%u8D28%u8113%u80BF%20%3C/span%3E%3C/span%3E%3Cbr%20/%3E%0A%3Cspan%20style%3D%22font-size%3A12.0000pt%22%3E%3Cspan%20style%3D%22font-family%3A%u5B8B%u4F53%22%3EC.%u6025%u6027%u80BE%u76C2%u80BE%u708E%3C/span%3E%3C/span%3E%3Cbr%20/%3E%0A%3Cspan%20style%3D%22font-size%3A12.0000pt%22%3E%3Cspan%20style%3D%22font-family%3A%u5B8B%u4F53%22%3ED.%u9ACB%u5173%u8282%u708E%20%3C/span%3E%3C/span%3E%3Cbr%20/%3E%0A%3Cspan%20style%3D%22font-size%3A12.0000pt%22%3E%3Cspan%20style%3D%22font-family%3A%u5B8B%u4F53%22%3EE.%u80BE%u5468%u56F4%u708E%3C/span%3E%3C/span%3E%3C/p%3E%0A','0'),(205,'A.肾积脓 ','%3Cp%3E%3Cspan%20style%3D%22font-size%3A12.0000pt%22%3E%3Cspan%20style%3D%22font-family%3A%u5B8B%u4F53%22%3EA.%u80BE%u79EF%u8113%20%3C/span%3E%3C/span%3E%3Cbr%20/%3E%0A%3Cspan%20style%3D%22font-size%3A12.0000pt%22%3E%3Cspan%20style%3D%22font-family%3A%u5B8B%u4F53%22%3EB.%u80BE%u76AE%u8D28%u8113%u80BF%20%3C/span%3E%3C/span%3E%3Cbr%20/%3E%0A%3Cspan%20style%3D%22font-size%3A12.0000pt%22%3E%3Cspan%20style%3D%22font-family%3A%u5B8B%u4F53%22%3EC.%u6025%u6027%u80BE%u76C2%u80BE%u708E%3C/span%3E%3C/span%3E%3Cbr%20/%3E%0A%3Cspan%20style%3D%22font-size%3A12.0000pt%22%3E%3Cspan%20style%3D%22font-family%3A%u5B8B%u4F53%22%3ED.%u9ACB%u5173%u8282%u708E%20%3C/span%3E%3C/span%3E%3Cbr%20/%3E%0A%3Cspan%20style%3D%22font-size%3A12.0000pt%22%3E%3Cspan%20style%3D%22font-family%3A%u5B8B%u4F53%22%3EE.%u80BE%u5468%u56F4%u708E%3C/span%3E%3C/span%3E%3C/p%3E%0A','-3'),(206,'C.肾全层裂伤','%3Cp%3E%3Cspan%20style%3D%22font-size%3A12.0000pt%22%3E%3Cspan%20style%3D%22font-family%3A%u5B8B%u4F53%22%3EA.%u80BE%u632B%u4F24%20B.%u80BE%u90E8%u5206%u88C2%u4F24%20C.%u80BE%u5168%u5C42%u88C2%u4F24%3C/span%3E%3C/span%3E%3Cbr%20/%3E%0A%3Cspan%20style%3D%22font-size%3A12.0000pt%22%3E%3Cspan%20style%3D%22font-family%3A%u5B8B%u4F53%22%3ED.%u80BE%u8482%u65AD%u88C2%20E.%u80BE%u88C2%u4F24%u5E76%u6709%u8F93%u5C3F%u7BA1%u635F%u4F24%3C/span%3E%3C/span%3E%3C/p%3E%0A','2'),(207,'C.肾全层裂伤','%3Cp%3E%3Cspan%20style%3D%22font-size%3A12.0000pt%22%3E%3Cspan%20style%3D%22font-family%3A%u5B8B%u4F53%22%3EA.%u80BE%u632B%u4F24%20B.%u80BE%u90E8%u5206%u88C2%u4F24%20C.%u80BE%u5168%u5C42%u88C2%u4F24%3C/span%3E%3C/span%3E%3Cbr%20/%3E%0A%3Cspan%20style%3D%22font-size%3A12.0000pt%22%3E%3Cspan%20style%3D%22font-family%3A%u5B8B%u4F53%22%3ED.%u80BE%u8482%u65AD%u88C2%20E.%u80BE%u88C2%u4F24%u5E76%u6709%u8F93%u5C3F%u7BA1%u635F%u4F24%3C/span%3E%3C/span%3E%3C/p%3E%0A','0'),(208,'C.肾全层裂伤','%3Cp%3E%3Cspan%20style%3D%22font-size%3A12.0000pt%22%3E%3Cspan%20style%3D%22font-family%3A%u5B8B%u4F53%22%3EA.%u80BE%u632B%u4F24%20B.%u80BE%u90E8%u5206%u88C2%u4F24%20C.%u80BE%u5168%u5C42%u88C2%u4F24%3C/span%3E%3C/span%3E%3Cbr%20/%3E%0A%3Cspan%20style%3D%22font-size%3A12.0000pt%22%3E%3Cspan%20style%3D%22font-family%3A%u5B8B%u4F53%22%3ED.%u80BE%u8482%u65AD%u88C2%20E.%u80BE%u88C2%u4F24%u5E76%u6709%u8F93%u5C3F%u7BA1%u635F%u4F24%3C/span%3E%3C/span%3E%3C/p%3E%0A','-2'),(209,'C.肾全层裂伤','%3Cp%3E%3Cspan%20style%3D%22font-size%3A12.0000pt%22%3E%3Cspan%20style%3D%22font-family%3A%u5B8B%u4F53%22%3EA.%u80BE%u632B%u4F24%20B.%u80BE%u90E8%u5206%u88C2%u4F24%20C.%u80BE%u5168%u5C42%u88C2%u4F24%3C/span%3E%3C/span%3E%3Cbr%20/%3E%0A%3Cspan%20style%3D%22font-size%3A12.0000pt%22%3E%3Cspan%20style%3D%22font-family%3A%u5B8B%u4F53%22%3ED.%u80BE%u8482%u65AD%u88C2%20E.%u80BE%u88C2%u4F24%u5E76%u6709%u8F93%u5C3F%u7BA1%u635F%u4F24%3C/span%3E%3C/span%3E%3C/p%3E%0A','-4'),(210,'C.肾全层裂伤','%3Cp%3E%3Cspan%20style%3D%22font-size%3A12.0000pt%22%3E%3Cspan%20style%3D%22font-family%3A%u5B8B%u4F53%22%3EA.%u80BE%u632B%u4F24%20B.%u80BE%u90E8%u5206%u88C2%u4F24%20C.%u80BE%u5168%u5C42%u88C2%u4F24%3C/span%3E%3C/span%3E%3Cbr%20/%3E%0A%3Cspan%20style%3D%22font-size%3A12.0000pt%22%3E%3Cspan%20style%3D%22font-family%3A%u5B8B%u4F53%22%3ED.%u80BE%u8482%u65AD%u88C2%20E.%u80BE%u88C2%u4F24%u5E76%u6709%u8F93%u5C3F%u7BA1%u635F%u4F24%3C/span%3E%3C/span%3E%3C/p%3E%0A','0'),(211,'C.肾全层裂伤','%3Cp%3E%3Cspan%20style%3D%22font-size%3A12.0000pt%22%3E%3Cspan%20style%3D%22font-family%3A%u5B8B%u4F53%22%3EA.%u80BE%u632B%u4F24%20B.%u80BE%u90E8%u5206%u88C2%u4F24%20C.%u80BE%u5168%u5C42%u88C2%u4F24%3C/span%3E%3C/span%3E%3Cbr%20/%3E%0A%3Cspan%20style%3D%22font-size%3A12.0000pt%22%3E%3Cspan%20style%3D%22font-family%3A%u5B8B%u4F53%22%3ED.%u80BE%u8482%u65AD%u88C2%20E.%u80BE%u88C2%u4F24%u5E76%u6709%u8F93%u5C3F%u7BA1%u635F%u4F24%3C/span%3E%3C/span%3E%3C/p%3E%0A','0'),(212,'C.肾全层裂伤','%3Cp%3E%3Cspan%20style%3D%22font-size%3A12.0000pt%22%3E%3Cspan%20style%3D%22font-family%3A%u5B8B%u4F53%22%3EA.%u80BE%u632B%u4F24%20B.%u80BE%u90E8%u5206%u88C2%u4F24%20C.%u80BE%u5168%u5C42%u88C2%u4F24%3C/span%3E%3C/span%3E%3Cbr%20/%3E%0A%3Cspan%20style%3D%22font-size%3A12.0000pt%22%3E%3Cspan%20style%3D%22font-family%3A%u5B8B%u4F53%22%3ED.%u80BE%u8482%u65AD%u88C2%20E.%u80BE%u88C2%u4F24%u5E76%u6709%u8F93%u5C3F%u7BA1%u635F%u4F24%3C/span%3E%3C/span%3E%3C/p%3E%0A','0'),(213,'C.肾全层裂伤','%3Cp%3E%3Cspan%20style%3D%22font-size%3A12.0000pt%22%3E%3Cspan%20style%3D%22font-family%3A%u5B8B%u4F53%22%3EA.%u80BE%u632B%u4F24%20B.%u80BE%u90E8%u5206%u88C2%u4F24%20C.%u80BE%u5168%u5C42%u88C2%u4F24%3C/span%3E%3C/span%3E%3Cbr%20/%3E%0A%3Cspan%20style%3D%22font-size%3A12.0000pt%22%3E%3Cspan%20style%3D%22font-family%3A%u5B8B%u4F53%22%3ED.%u80BE%u8482%u65AD%u88C2%20E.%u80BE%u88C2%u4F24%u5E76%u6709%u8F93%u5C3F%u7BA1%u635F%u4F24%3C/span%3E%3C/span%3E%3C/p%3E%0A','0'),(214,'E.肾裂伤并有输尿管损伤','%3Cp%3E%3Cspan%20style%3D%22font-size%3A12.0000pt%22%3E%3Cspan%20style%3D%22font-family%3A%u5B8B%u4F53%22%3EA.%u80BE%u632B%u4F24%20B.%u80BE%u90E8%u5206%u88C2%u4F24%20C.%u80BE%u5168%u5C42%u88C2%u4F24%3C/span%3E%3C/span%3E%3Cbr%20/%3E%0A%3Cspan%20style%3D%22font-size%3A12.0000pt%22%3E%3Cspan%20style%3D%22font-family%3A%u5B8B%u4F53%22%3ED.%u80BE%u8482%u65AD%u88C2%20E.%u80BE%u88C2%u4F24%u5E76%u6709%u8F93%u5C3F%u7BA1%u635F%u4F24%3C/span%3E%3C/span%3E%3C/p%3E%0A','3'),(215,'E.肾裂伤并有输尿管损伤','%3Cp%3E%3Cspan%20style%3D%22font-size%3A12.0000pt%22%3E%3Cspan%20style%3D%22font-family%3A%u5B8B%u4F53%22%3EA.%u80BE%u632B%u4F24%20B.%u80BE%u90E8%u5206%u88C2%u4F24%20C.%u80BE%u5168%u5C42%u88C2%u4F24%3C/span%3E%3C/span%3E%3Cbr%20/%3E%0A%3Cspan%20style%3D%22font-size%3A12.0000pt%22%3E%3Cspan%20style%3D%22font-family%3A%u5B8B%u4F53%22%3ED.%u80BE%u8482%u65AD%u88C2%20E.%u80BE%u88C2%u4F24%u5E76%u6709%u8F93%u5C3F%u7BA1%u635F%u4F24%3C/span%3E%3C/span%3E%3C/p%3E%0A','1'),(216,'E.肾裂伤并有输尿管损伤','%3Cp%3E%3Cspan%20style%3D%22font-size%3A12.0000pt%22%3E%3Cspan%20style%3D%22font-family%3A%u5B8B%u4F53%22%3EA.%u80BE%u632B%u4F24%20B.%u80BE%u90E8%u5206%u88C2%u4F24%20C.%u80BE%u5168%u5C42%u88C2%u4F24%3C/span%3E%3C/span%3E%3Cbr%20/%3E%0A%3Cspan%20style%3D%22font-size%3A12.0000pt%22%3E%3Cspan%20style%3D%22font-family%3A%u5B8B%u4F53%22%3ED.%u80BE%u8482%u65AD%u88C2%20E.%u80BE%u88C2%u4F24%u5E76%u6709%u8F93%u5C3F%u7BA1%u635F%u4F24%3C/span%3E%3C/span%3E%3C/p%3E%0A','-1'),(217,'E.肾裂伤并有输尿管损伤','%3Cp%3E%3Cspan%20style%3D%22font-size%3A12.0000pt%22%3E%3Cspan%20style%3D%22font-family%3A%u5B8B%u4F53%22%3EA.%u80BE%u632B%u4F24%20B.%u80BE%u90E8%u5206%u88C2%u4F24%20C.%u80BE%u5168%u5C42%u88C2%u4F24%3C/span%3E%3C/span%3E%3Cbr%20/%3E%0A%3Cspan%20style%3D%22font-size%3A12.0000pt%22%3E%3Cspan%20style%3D%22font-family%3A%u5B8B%u4F53%22%3ED.%u80BE%u8482%u65AD%u88C2%20E.%u80BE%u88C2%u4F24%u5E76%u6709%u8F93%u5C3F%u7BA1%u635F%u4F24%3C/span%3E%3C/span%3E%3C/p%3E%0A','0'),(218,'E.肾裂伤并有输尿管损伤','%3Cp%3E%3Cspan%20style%3D%22font-size%3A12.0000pt%22%3E%3Cspan%20style%3D%22font-family%3A%u5B8B%u4F53%22%3EA.%u80BE%u632B%u4F24%20B.%u80BE%u90E8%u5206%u88C2%u4F24%20C.%u80BE%u5168%u5C42%u88C2%u4F24%3C/span%3E%3C/span%3E%3Cbr%20/%3E%0A%3Cspan%20style%3D%22font-size%3A12.0000pt%22%3E%3Cspan%20style%3D%22font-family%3A%u5B8B%u4F53%22%3ED.%u80BE%u8482%u65AD%u88C2%20E.%u80BE%u88C2%u4F24%u5E76%u6709%u8F93%u5C3F%u7BA1%u635F%u4F24%3C/span%3E%3C/span%3E%3C/p%3E%0A','2'),(219,'E.肾裂伤并有输尿管损伤','%3Cp%3EE.%u80BE%u88C2%u4F24%u5E76%u6709%u8F93%u5C3F%u7BA1%u635F%u4F24%3C/p%3E%0A','0'),(220,'E.肾裂伤并有输尿管损伤','%3Cp%3EE.%u80BE%u88C2%u4F24%u5E76%u6709%u8F93%u5C3F%u7BA1%u635F%u4F24%3C/p%3E%0A','0'),(221,'E.肾裂伤并有输尿管损伤','%3Cp%3EE.%u80BE%u88C2%u4F24%u5E76%u6709%u8F93%u5C3F%u7BA1%u635F%u4F24%3C/p%3E%0A','1'),(222,'A.尿路造影 ','%3Cp%3E%3Cspan%20style%3D%22font-size%3A12.0000pt%22%3E%3Cspan%20style%3D%22font-family%3A%u5B8B%u4F53%22%3EA.%u5C3F%u8DEF%u9020%u5F71%20B.%u8180%u80F1%u9020%u5F71%20C.%u8BD5%u653E%u5BFC%u5C3F%u7BA1%u5E76%u6CE8%u5165%u6DB2%u4F53%3C/span%3E%3C/span%3E%3Cbr%20/%3E%0A%3Cspan%20style%3D%22font-size%3A12.0000pt%22%3E%3Cspan%20style%3D%22font-family%3A%u5B8B%u4F53%22%3ED.%u8180%u80F1%u7A7F%u523A%20E.%u8179%u8154%u7A7F%u523A%3C/span%3E%3C/span%3E%3C/p%3E%0A','3'),(223,'A.尿路造影 ','%3Cp%3E%3Cspan%20style%3D%22font-size%3A12.0000pt%22%3E%3Cspan%20style%3D%22font-family%3A%u5B8B%u4F53%22%3EA.%u5C3F%u8DEF%u9020%u5F71%20B.%u8180%u80F1%u9020%u5F71%20C.%u8BD5%u653E%u5BFC%u5C3F%u7BA1%u5E76%u6CE8%u5165%u6DB2%u4F53%3C/span%3E%3C/span%3E%3Cbr%20/%3E%0A%3Cspan%20style%3D%22font-size%3A12.0000pt%22%3E%3Cspan%20style%3D%22font-family%3A%u5B8B%u4F53%22%3ED.%u8180%u80F1%u7A7F%u523A%20E.%u8179%u8154%u7A7F%u523A%3C/span%3E%3C/span%3E%3C/p%3E%0A','1'),(224,'A.尿路造影 ','%3Cp%3E%3Cspan%20style%3D%22font-size%3A12.0000pt%22%3E%3Cspan%20style%3D%22font-family%3A%u5B8B%u4F53%22%3EA.%u5C3F%u8DEF%u9020%u5F71%20B.%u8180%u80F1%u9020%u5F71%20C.%u8BD5%u653E%u5BFC%u5C3F%u7BA1%u5E76%u6CE8%u5165%u6DB2%u4F53%3C/span%3E%3C/span%3E%3Cbr%20/%3E%0A%3Cspan%20style%3D%22font-size%3A12.0000pt%22%3E%3Cspan%20style%3D%22font-family%3A%u5B8B%u4F53%22%3ED.%u8180%u80F1%u7A7F%u523A%20E.%u8179%u8154%u7A7F%u523A%3C/span%3E%3C/span%3E%3C/p%3E%0A','-4'),(225,'A.败血症','%3Cp%3E%3Cspan%20style%3D%22font-size%3A12.0000pt%22%3E%3Cspan%20style%3D%22font-family%3A%u5B8B%u4F53%22%3EA.%u8D25%u8840%u75C7%20%3C/span%3E%3C/span%3E%3Cbr%20/%3E%0A%3Cspan%20style%3D%22font-size%3A12.0000pt%22%3E%3Cspan%20style%3D%22font-family%3A%u5B8B%u4F53%22%3EB.%u4EA7%u8925%u70ED%20%3C/span%3E%3C/span%3E%3Cbr%20/%3E%0A%3Cspan%20style%3D%22font-size%3A12.0000pt%22%3E%3Cspan%20style%3D%22font-family%3A%u5B8B%u4F53%22%3EC.%u6025%u6027%u80BE%u76C2%u80BE%u708E%3C/span%3E%3C/span%3E%3Cbr%20/%3E%0A%3Cspan%20style%3D%22font-size%3A12.0000pt%22%3E%3Cspan%20style%3D%22font-family%3A%u5B8B%u4F53%22%3ED.%u80BE%u5C0F%u7403%u80BE%u708E%20%3C/span%3E%3C/span%3E%3Cbr%20/%3E%0A%3Cspan%20style%3D%22font-size%3A12.0000pt%22%3E%3Cspan%20style%3D%22font-family%3A%u5B8B%u4F53%22%3EE.%u6025%u6027%u8180%u80F1%u708E%3C/span%3E%3C/span%3E%3C/p%3E%0A','0'),(226,'A.败血症','%3Cp%3E%3Cspan%20style%3D%22font-size%3A12.0000pt%22%3E%3Cspan%20style%3D%22font-family%3A%u5B8B%u4F53%22%3EA.%u8D25%u8840%u75C7%20%3C/span%3E%3C/span%3E%3Cbr%20/%3E%0A%3Cspan%20style%3D%22font-size%3A12.0000pt%22%3E%3Cspan%20style%3D%22font-family%3A%u5B8B%u4F53%22%3EB.%u4EA7%u8925%u70ED%20%3C/span%3E%3C/span%3E%3Cbr%20/%3E%0A%3Cspan%20style%3D%22font-size%3A12.0000pt%22%3E%3Cspan%20style%3D%22font-family%3A%u5B8B%u4F53%22%3EC.%u6025%u6027%u80BE%u76C2%u80BE%u708E%3C/span%3E%3C/span%3E%3Cbr%20/%3E%0A%3Cspan%20style%3D%22font-size%3A12.0000pt%22%3E%3Cspan%20style%3D%22font-family%3A%u5B8B%u4F53%22%3ED.%u80BE%u5C0F%u7403%u80BE%u708E%20%3C/span%3E%3C/span%3E%3Cbr%20/%3E%0A%3Cspan%20style%3D%22font-size%3A12.0000pt%22%3E%3Cspan%20style%3D%22font-family%3A%u5B8B%u4F53%22%3EE.%u6025%u6027%u8180%u80F1%u708E%3C/span%3E%3C/span%3E%3C/p%3E%0A','0'),(227,'A.败血症','%3Cp%3E%3Cspan%20style%3D%22font-size%3A12.0000pt%22%3E%3Cspan%20style%3D%22font-family%3A%u5B8B%u4F53%22%3EA.%u8D25%u8840%u75C7%20%3C/span%3E%3C/span%3E%3Cbr%20/%3E%0A%3Cspan%20style%3D%22font-size%3A12.0000pt%22%3E%3Cspan%20style%3D%22font-family%3A%u5B8B%u4F53%22%3EB.%u4EA7%u8925%u70ED%20%3C/span%3E%3C/span%3E%3Cbr%20/%3E%0A%3Cspan%20style%3D%22font-size%3A12.0000pt%22%3E%3Cspan%20style%3D%22font-family%3A%u5B8B%u4F53%22%3EC.%u6025%u6027%u80BE%u76C2%u80BE%u708E%3C/span%3E%3C/span%3E%3Cbr%20/%3E%0A%3Cspan%20style%3D%22font-size%3A12.0000pt%22%3E%3Cspan%20style%3D%22font-family%3A%u5B8B%u4F53%22%3ED.%u80BE%u5C0F%u7403%u80BE%u708E%20%3C/span%3E%3C/span%3E%3Cbr%20/%3E%0A%3Cspan%20style%3D%22font-size%3A12.0000pt%22%3E%3Cspan%20style%3D%22font-family%3A%u5B8B%u4F53%22%3EE.%u6025%u6027%u8180%u80F1%u708E%3C/span%3E%3C/span%3E%3C/p%3E%0A','4'),(228,'A.败血症','%3Cp%3EA.%u8D25%u8840%u75C7%3C/p%3E%0A','-4'),(229,'A.败血症','%3Cp%3EA.%u8D25%u8840%u75C7%3C/p%3E%0A','-2'),(230,'A.败血症','%3Cp%3EA.%u8D25%u8840%u75C7%3C/p%3E%0A','1'),(231,'B.产褥热 ','%3Cp%3E%3Cspan%20style%3D%22font-size%3A12.0000pt%22%3E%3Cspan%20style%3D%22font-family%3A%u5B8B%u4F53%22%3EA.%u8D25%u8840%u75C7%20%3C/span%3E%3C/span%3E%3Cbr%20/%3E%0A%3Cspan%20style%3D%22font-size%3A12.0000pt%22%3E%3Cspan%20style%3D%22font-family%3A%u5B8B%u4F53%22%3EB.%u4EA7%u8925%u70ED%20%3C/span%3E%3C/span%3E%3Cbr%20/%3E%0A%3Cspan%20style%3D%22font-size%3A12.0000pt%22%3E%3Cspan%20style%3D%22font-family%3A%u5B8B%u4F53%22%3EC.%u6025%u6027%u80BE%u76C2%u80BE%u708E%3C/span%3E%3C/span%3E%3Cbr%20/%3E%0A%3Cspan%20style%3D%22font-size%3A12.0000pt%22%3E%3Cspan%20style%3D%22font-family%3A%u5B8B%u4F53%22%3ED.%u80BE%u5C0F%u7403%u80BE%u708E%20%3C/span%3E%3C/span%3E%3Cbr%20/%3E%0A%3Cspan%20style%3D%22font-size%3A12.0000pt%22%3E%3Cspan%20style%3D%22font-family%3A%u5B8B%u4F53%22%3EE.%u6025%u6027%u8180%u80F1%u708E%3C/span%3E%3C/span%3E%3C/p%3E%0A','0'),(232,'B.产褥热 ','%3Cp%3E%3Cspan%20style%3D%22font-size%3A12.0000pt%22%3E%3Cspan%20style%3D%22font-family%3A%u5B8B%u4F53%22%3EA.%u8D25%u8840%u75C7%20%3C/span%3E%3C/span%3E%3Cbr%20/%3E%0A%3Cspan%20style%3D%22font-size%3A12.0000pt%22%3E%3Cspan%20style%3D%22font-family%3A%u5B8B%u4F53%22%3EB.%u4EA7%u8925%u70ED%20%3C/span%3E%3C/span%3E%3Cbr%20/%3E%0A%3Cspan%20style%3D%22font-size%3A12.0000pt%22%3E%3Cspan%20style%3D%22font-family%3A%u5B8B%u4F53%22%3EC.%u6025%u6027%u80BE%u76C2%u80BE%u708E%3C/span%3E%3C/span%3E%3Cbr%20/%3E%0A%3Cspan%20style%3D%22font-size%3A12.0000pt%22%3E%3Cspan%20style%3D%22font-family%3A%u5B8B%u4F53%22%3ED.%u80BE%u5C0F%u7403%u80BE%u708E%20%3C/span%3E%3C/span%3E%3Cbr%20/%3E%0A%3Cspan%20style%3D%22font-size%3A12.0000pt%22%3E%3Cspan%20style%3D%22font-family%3A%u5B8B%u4F53%22%3EE.%u6025%u6027%u8180%u80F1%u708E%3C/span%3E%3C/span%3E%3C/p%3E%0A','0'),(233,'B.产褥热 ','%3Cp%3E%3Cspan%20style%3D%22font-size%3A12.0000pt%22%3E%3Cspan%20style%3D%22font-family%3A%u5B8B%u4F53%22%3EA.%u8D25%u8840%u75C7%20%3C/span%3E%3C/span%3E%3Cbr%20/%3E%0A%3Cspan%20style%3D%22font-size%3A12.0000pt%22%3E%3Cspan%20style%3D%22font-family%3A%u5B8B%u4F53%22%3EB.%u4EA7%u8925%u70ED%20%3C/span%3E%3C/span%3E%3Cbr%20/%3E%0A%3Cspan%20style%3D%22font-size%3A12.0000pt%22%3E%3Cspan%20style%3D%22font-family%3A%u5B8B%u4F53%22%3EC.%u6025%u6027%u80BE%u76C2%u80BE%u708E%3C/span%3E%3C/span%3E%3Cbr%20/%3E%0A%3Cspan%20style%3D%22font-size%3A12.0000pt%22%3E%3Cspan%20style%3D%22font-family%3A%u5B8B%u4F53%22%3ED.%u80BE%u5C0F%u7403%u80BE%u708E%20%3C/span%3E%3C/span%3E%3Cbr%20/%3E%0A%3Cspan%20style%3D%22font-size%3A12.0000pt%22%3E%3Cspan%20style%3D%22font-family%3A%u5B8B%u4F53%22%3EE.%u6025%u6027%u8180%u80F1%u708E%3C/span%3E%3C/span%3E%3C/p%3E%0A','0'),(234,'B.产褥热 ','%3Cp%3E%3Cimg%20alt%3D%22%22%20src%3D%22http%3A//localhost%3A8080/upload/2017/05/09/1494300204647491.png%22%20style%3D%22height%3A44px%3B%20width%3A153px%22%20/%3E%3C/p%3E%0A','1'),(235,'A．肌肉萎缩 ','%3Cp%3E%3Cspan%20style%3D%22font-size%3A12.0000pt%22%3E%3Cspan%20style%3D%22font-family%3A%u5B8B%u4F53%22%3EA%uFF0E%u808C%u8089%u840E%u7F29%20%3C/span%3E%3C/span%3E%3C/p%3E%0A','1'),(236,'A．肌肉萎缩 ','%3Cp%3E%3Cspan%20style%3D%22font-size%3A12.0000pt%22%3E%3Cspan%20style%3D%22font-family%3A%u5B8B%u4F53%22%3EA%uFF0E%u808C%u8089%u840E%u7F29%20%3C/span%3E%3C/span%3E%3C/p%3E%0A','1'),(237,'A．肌肉萎缩 ','%3Cp%3E%3Cspan%20style%3D%22font-size%3A12.0000pt%22%3E%3Cspan%20style%3D%22font-family%3A%u5B8B%u4F53%22%3EA%uFF0E%u808C%u8089%u840E%u7F29%20%3C/span%3E%3C/span%3E%3C/p%3E%0A','0'),(238,'C．动脉受压和静脉受压 ','%3Cp%3E%3Cspan%20style%3D%22font-size%3A12.0000pt%22%3E%3Cspan%20style%3D%22font-family%3A%u5B8B%u4F53%22%3EA%uFF0E%u795E%u7ECF%u635F%u4F24%20%3C/span%3E%3C/span%3E%3Cbr%20/%3E%0A%3Cspan%20style%3D%22font-size%3A12.0000pt%22%3E%3Cspan%20style%3D%22font-family%3A%u5B8B%u4F53%22%3EB%uFF0E%u795E%u7ECF%u53D7%u538B%u548C%u9759%u8109%u53D7%u538B%20%3C/span%3E%3C/span%3E%3Cbr%20/%3E%0A%3Cspan%20style%3D%22font-size%3A12.0000pt%22%3E%3Cspan%20style%3D%22font-family%3A%u5B8B%u4F53%22%3EC%uFF0E%u52A8%u8109%u53D7%u538B%u548C%u9759%u8109%u53D7%u538B%20%3C/span%3E%3C/span%3E%3Cbr%20/%3E%0A%3Cspan%20style%3D%22font-size%3A12.0000pt%22%3E%3Cspan%20style%3D%22font-family%3A%u5B8B%u4F53%22%3ED%uFF0E%u9759%u8109%u53D7%u538B%20%3C/span%3E%3C/span%3E%3Cbr%20/%3E%0A%3Cspan%20style%3D%22font-size%3A12.0000pt%22%3E%3Cspan%20style%3D%22font-family%3A%u5B8B%u4F53%22%3EE%uFF0E.%u52A8%u8109%u635F%u4F24%20%3C/span%3E%3C/span%3E%3C/p%3E%0A','1'),(239,'C．动脉受压和静脉受压 ','%3Cp%3E%3Cspan%20style%3D%22font-size%3A12.0000pt%22%3E%3Cspan%20style%3D%22font-family%3A%u5B8B%u4F53%22%3EA%uFF0E%u795E%u7ECF%u635F%u4F24%20%3C/span%3E%3C/span%3E%3Cbr%20/%3E%0A%3Cspan%20style%3D%22font-size%3A12.0000pt%22%3E%3Cspan%20style%3D%22font-family%3A%u5B8B%u4F53%22%3EB%uFF0E%u795E%u7ECF%u53D7%u538B%u548C%u9759%u8109%u53D7%u538B%20%3C/span%3E%3C/span%3E%3Cbr%20/%3E%0A%3Cspan%20style%3D%22font-size%3A12.0000pt%22%3E%3Cspan%20style%3D%22font-family%3A%u5B8B%u4F53%22%3EC%uFF0E%u52A8%u8109%u53D7%u538B%u548C%u9759%u8109%u53D7%u538B%20%3C/span%3E%3C/span%3E%3Cbr%20/%3E%0A%3Cspan%20style%3D%22font-size%3A12.0000pt%22%3E%3Cspan%20style%3D%22font-family%3A%u5B8B%u4F53%22%3ED%uFF0E%u9759%u8109%u53D7%u538B%20%3C/span%3E%3C/span%3E%3Cbr%20/%3E%0A%3Cspan%20style%3D%22font-size%3A12.0000pt%22%3E%3Cspan%20style%3D%22font-family%3A%u5B8B%u4F53%22%3EE%uFF0E.%u52A8%u8109%u635F%u4F24%20%3C/span%3E%3C/span%3E%3C/p%3E%0A','-4'),(240,'C．动脉受压和静脉受压 ','%3Cp%3E%3Cspan%20style%3D%22font-size%3A12.0000pt%22%3E%3Cspan%20style%3D%22font-family%3A%u5B8B%u4F53%22%3EA%uFF0E%u795E%u7ECF%u635F%u4F24%20%3C/span%3E%3C/span%3E%3Cbr%20/%3E%0A%3Cspan%20style%3D%22font-size%3A12.0000pt%22%3E%3Cspan%20style%3D%22font-family%3A%u5B8B%u4F53%22%3EB%uFF0E%u795E%u7ECF%u53D7%u538B%u548C%u9759%u8109%u53D7%u538B%20%3C/span%3E%3C/span%3E%3Cbr%20/%3E%0A%3Cspan%20style%3D%22font-size%3A12.0000pt%22%3E%3Cspan%20style%3D%22font-family%3A%u5B8B%u4F53%22%3EC%uFF0E%u52A8%u8109%u53D7%u538B%u548C%u9759%u8109%u53D7%u538B%20%3C/span%3E%3C/span%3E%3Cbr%20/%3E%0A%3Cspan%20style%3D%22font-size%3A12.0000pt%22%3E%3Cspan%20style%3D%22font-family%3A%u5B8B%u4F53%22%3ED%uFF0E%u9759%u8109%u53D7%u538B%20%3C/span%3E%3C/span%3E%3Cbr%20/%3E%0A%3Cspan%20style%3D%22font-size%3A12.0000pt%22%3E%3Cspan%20style%3D%22font-family%3A%u5B8B%u4F53%22%3EE%uFF0E.%u52A8%u8109%u635F%u4F24%20%3C/span%3E%3C/span%3E%3C/p%3E%0A','1'),(241,'C．动脉受压和静脉受压 ','%3Cp%3E%3Cspan%20style%3D%22font-size%3A12.0000pt%22%3E%3Cspan%20style%3D%22font-family%3A%u5B8B%u4F53%22%3EA%uFF0E%u795E%u7ECF%u635F%u4F24%20%3C/span%3E%3C/span%3E%3Cbr%20/%3E%0A%3Cspan%20style%3D%22font-size%3A12.0000pt%22%3E%3Cspan%20style%3D%22font-family%3A%u5B8B%u4F53%22%3EB%uFF0E%u795E%u7ECF%u53D7%u538B%u548C%u9759%u8109%u53D7%u538B%20%3C/span%3E%3C/span%3E%3Cbr%20/%3E%0A%3Cspan%20style%3D%22font-size%3A12.0000pt%22%3E%3Cspan%20style%3D%22font-family%3A%u5B8B%u4F53%22%3EC%uFF0E%u52A8%u8109%u53D7%u538B%u548C%u9759%u8109%u53D7%u538B%20%3C/span%3E%3C/span%3E%3Cbr%20/%3E%0A%3Cspan%20style%3D%22font-size%3A12.0000pt%22%3E%3Cspan%20style%3D%22font-family%3A%u5B8B%u4F53%22%3ED%uFF0E%u9759%u8109%u53D7%u538B%20%3C/span%3E%3C/span%3E%3Cbr%20/%3E%0A%3Cspan%20style%3D%22font-size%3A12.0000pt%22%3E%3Cspan%20style%3D%22font-family%3A%u5B8B%u4F53%22%3EE%uFF0E.%u52A8%u8109%u635F%u4F24%20%3C/span%3E%3C/span%3E%3C/p%3E%0A','0'),(242,'C．动脉受压和静脉受压 ','%3Cp%3E%3Cspan%20style%3D%22font-size%3A12.0000pt%22%3E%3Cspan%20style%3D%22font-family%3A%u5B8B%u4F53%22%3EA%uFF0E%u795E%u7ECF%u635F%u4F24%20%3C/span%3E%3C/span%3E%3Cbr%20/%3E%0A%3Cspan%20style%3D%22font-size%3A12.0000pt%22%3E%3Cspan%20style%3D%22font-family%3A%u5B8B%u4F53%22%3EB%uFF0E%u795E%u7ECF%u53D7%u538B%u548C%u9759%u8109%u53D7%u538B%20%3C/span%3E%3C/span%3E%3Cbr%20/%3E%0A%3Cspan%20style%3D%22font-size%3A12.0000pt%22%3E%3Cspan%20style%3D%22font-family%3A%u5B8B%u4F53%22%3EC%uFF0E%u52A8%u8109%u53D7%u538B%u548C%u9759%u8109%u53D7%u538B%20%3C/span%3E%3C/span%3E%3Cbr%20/%3E%0A%3Cspan%20style%3D%22font-size%3A12.0000pt%22%3E%3Cspan%20style%3D%22font-family%3A%u5B8B%u4F53%22%3ED%uFF0E%u9759%u8109%u53D7%u538B%20%3C/span%3E%3C/span%3E%3Cbr%20/%3E%0A%3Cspan%20style%3D%22font-size%3A12.0000pt%22%3E%3Cspan%20style%3D%22font-family%3A%u5B8B%u4F53%22%3EE%uFF0E.%u52A8%u8109%u635F%u4F24%20%3C/span%3E%3C/span%3E%3C/p%3E%0A','2'),(243,'A．肩关节骨关节炎 ','%3Cp%3E%3Cspan%20style%3D%22font-size%3A12.0000pt%22%3E%3Cspan%20style%3D%22font-family%3A%u5B8B%u4F53%22%3EA%uFF0E%u80A9%u5173%u8282%u9AA8%u5173%u8282%u708E%20%3C/span%3E%3C/span%3E%3Cbr%20/%3E%0A%3Cspan%20style%3D%22font-size%3A12.0000pt%22%3E%3Cspan%20style%3D%22font-family%3A%u5B8B%u4F53%22%3EB%uFF0E%u80A9%u5468%u708E%20%3C/span%3E%3C/span%3E%3Cbr%20/%3E%0A%3Cspan%20style%3D%22font-size%3A12.0000pt%22%3E%3Cspan%20style%3D%22font-family%3A%u5B8B%u4F53%22%3EC%uFF0E%u80A9%u5173%u8282%u7ED3%u6838%20%3C/span%3E%3C/span%3E%3Cbr%20/%3E%0A%3Cspan%20style%3D%22font-size%3A12.0000pt%22%3E%3Cspan%20style%3D%22font-family%3A%u5B8B%u4F53%22%3ED%uFF0E%u9888%u690E%u75C5%20%3C/span%3E%3C/span%3E%3Cbr%20/%3E%0A%3Cspan%20style%3D%22font-size%3A12.0000pt%22%3E%3Cspan%20style%3D%22font-family%3A%u5B8B%u4F53%22%3EE%uFF0E%u7C7B%u98CE%u6E7F%u6027%u5173%u8282%u708E%20%3C/span%3E%3C/span%3E%3C/p%3E%0A','2'),(244,'A．肩关节骨关节炎 ','%3Cp%3E%3Cspan%20style%3D%22font-size%3A12.0000pt%22%3E%3Cspan%20style%3D%22font-family%3A%u5B8B%u4F53%22%3EA%uFF0E%u80A9%u5173%u8282%u9AA8%u5173%u8282%u708E%20%3C/span%3E%3C/span%3E%3Cbr%20/%3E%0A%3Cspan%20style%3D%22font-size%3A12.0000pt%22%3E%3Cspan%20style%3D%22font-family%3A%u5B8B%u4F53%22%3EB%uFF0E%u80A9%u5468%u708E%20%3C/span%3E%3C/span%3E%3Cbr%20/%3E%0A%3Cspan%20style%3D%22font-size%3A12.0000pt%22%3E%3Cspan%20style%3D%22font-family%3A%u5B8B%u4F53%22%3EC%uFF0E%u80A9%u5173%u8282%u7ED3%u6838%20%3C/span%3E%3C/span%3E%3Cbr%20/%3E%0A%3Cspan%20style%3D%22font-size%3A12.0000pt%22%3E%3Cspan%20style%3D%22font-family%3A%u5B8B%u4F53%22%3ED%uFF0E%u9888%u690E%u75C5%20%3C/span%3E%3C/span%3E%3Cbr%20/%3E%0A%3Cspan%20style%3D%22font-size%3A12.0000pt%22%3E%3Cspan%20style%3D%22font-family%3A%u5B8B%u4F53%22%3EE%uFF0E%u7C7B%u98CE%u6E7F%u6027%u5173%u8282%u708E%20%3C/span%3E%3C/span%3E%3C/p%3E%0A','1'),(245,'A．肩关节骨关节炎 ','%3Cp%3E%3Cspan%20style%3D%22font-size%3A12.0000pt%22%3E%3Cspan%20style%3D%22font-family%3A%u5B8B%u4F53%22%3EA%uFF0E%u80A9%u5173%u8282%u9AA8%u5173%u8282%u708E%20%3C/span%3E%3C/span%3E%3Cbr%20/%3E%0A%3Cspan%20style%3D%22font-size%3A12.0000pt%22%3E%3Cspan%20style%3D%22font-family%3A%u5B8B%u4F53%22%3EB%uFF0E%u80A9%u5468%u708E%20%3C/span%3E%3C/span%3E%3Cbr%20/%3E%0A%3Cspan%20style%3D%22font-size%3A12.0000pt%22%3E%3Cspan%20style%3D%22font-family%3A%u5B8B%u4F53%22%3EC%uFF0E%u80A9%u5173%u8282%u7ED3%u6838%20%3C/span%3E%3C/span%3E%3Cbr%20/%3E%0A%3Cspan%20style%3D%22font-size%3A12.0000pt%22%3E%3Cspan%20style%3D%22font-family%3A%u5B8B%u4F53%22%3ED%uFF0E%u9888%u690E%u75C5%20%3C/span%3E%3C/span%3E%3Cbr%20/%3E%0A%3Cspan%20style%3D%22font-size%3A12.0000pt%22%3E%3Cspan%20style%3D%22font-family%3A%u5B8B%u4F53%22%3EE%uFF0E%u7C7B%u98CE%u6E7F%u6027%u5173%u8282%u708E%20%3C/span%3E%3C/span%3E%3C/p%3E%0A','-3'),(246,'A．肩关节骨关节炎 ','%3Cp%3E%3Cspan%20style%3D%22font-size%3A12.0000pt%22%3E%3Cspan%20style%3D%22font-family%3A%u5B8B%u4F53%22%3EA%uFF0E%u80A9%u5173%u8282%u9AA8%u5173%u8282%u708E%20%3C/span%3E%3C/span%3E%3C/p%3E%0A','1');
/*!40000 ALTER TABLE `tbl_answer` ENABLE KEYS */;
UNLOCK TABLES;

--
-- Table structure for table `tbl_case`
--

DROP TABLE IF EXISTS `tbl_case`;
/*!40101 SET @saved_cs_client     = @@character_set_client */;
/*!40101 SET character_set_client = utf8 */;
CREATE TABLE `tbl_case` (
  `case_id` int(11) NOT NULL AUTO_INCREMENT COMMENT '病历表主键',
  `chief_complain` text NOT NULL COMMENT '主诉',
  `create_time` date NOT NULL COMMENT '创建时间',
  `creater` varchar(45) NOT NULL COMMENT '创建人',
  `case_type` varchar(45) NOT NULL COMMENT '病例类型',
  `title_type` varchar(45) NOT NULL,
  `case_title` varchar(45) NOT NULL,
  `phy_exam_count` int(11) NOT NULL DEFAULT '0',
  `fst_visit_count` int(11) NOT NULL DEFAULT '0',
  `ary_exam_count` int(11) NOT NULL DEFAULT '0',
  `diagnose_count` int(11) NOT NULL DEFAULT '0',
  `treatment_count` int(11) NOT NULL DEFAULT '0',
  `pat_man_count` int(11) NOT NULL DEFAULT '0',
  `inquiry_count` int(11) NOT NULL DEFAULT '0',
  `panswer_total` int(11) NOT NULL DEFAULT '0',
  `nanswer_total` int(11) NOT NULL DEFAULT '0',
  `zanswer_total` int(11) NOT NULL DEFAULT '0',
  `answer_total` int(11) NOT NULL DEFAULT '0',
  `total_count` int(11) DEFAULT '0',
  PRIMARY KEY (`case_id`),
  UNIQUE KEY `id_case_UNIQUE` (`case_id`)
) ENGINE=InnoDB AUTO_INCREMENT=35 DEFAULT CHARSET=utf8mb4 COMMENT='病历表';
/*!40101 SET character_set_client = @saved_cs_client */;

--
-- Dumping data for table `tbl_case`
--

LOCK TABLES `tbl_case` WRITE;
/*!40000 ALTER TABLE `tbl_case` DISABLE KEYS */;
INSERT INTO `tbl_case` VALUES (23,'<p><span style=\"font-size:12.0000pt\"><span style=\"font-family:宋体\">1.甲亢时最常见的心律失常是</span></span></p>\r\n','2017-05-08','rongyu','内科','A3','甲亢',2,0,1,1,1,1,0,14,4,7,25,6),(24,'<p><span style=\"font-size:12.0000pt\"><span style=\"font-family:宋体\">2.有关糖尿病代谢紊乱,下列哪一项描述最正确?</span></span></p>\r\n','2017-05-09','rongyu','口腔科','A2','糖尿病代谢紊乱,',0,0,0,1,0,0,0,2,1,1,4,1),(26,'<p><span style=\"font-size:12pt\"><span style=\"font-family:宋体\"><span style=\"font-family:宋体\">某女，</span>31岁，吞咽困难已3年，有时进流质食物有困难，食管钡餐造影示食管下端呈锥形狭窄，其上端扩大，诊断为：</span></span></p>\r\n','2017-05-09','rongyu','内科','A3','食管癌',0,0,1,0,0,0,1,4,3,0,7,2),(31,'<p><span style=\"font-size:12.0000pt\"><span style=\"font-family:宋体\">85.一30岁男性工人，于3小时前从5米高处跌下，左腰部撞于石块上，事后昏迷，血压正常，觉左腰部疼痛，轻压痛，排尿一次，尿检查RBC+1，高倍视野，最可能诊断是什么？</span></span></p>\r\n','2017-05-09','rongyu','内科','A3','肾挫伤',1,1,1,0,0,0,0,5,3,8,16,3),(32,'<p><span style=\"font-size:12.0000pt\"><span style=\"font-family:宋体\">.20岁男性患者，排尿四小时后，下腹部挫伤，小腹痛、腹肌略呈紧张，小便不能排出，最好用哪种方法诊断？</span></span></p>\r\n','2017-05-09','rongyu','外科','A2','小腹痛',0,0,0,0,1,0,0,2,1,0,3,1),(33,'<p><span style=\"font-size:12.0000pt\"><span style=\"font-family:宋体\"><span style=\"font-family:宋体\">女性，</span>26岁，产后第四天寒战、高热、腰痛、尿痛、下腹痛。体检：肾区叩痛(+)耻骨联合上压痛(+)。白细胞18000/立方毫米，尿常规：蛋白(+)，白细胞20-30个/高倍视野，RBC.3-5个/高倍视野。应考虑产后并发：</span></span></p>\r\n','2017-05-09','rongyu','胸外科','A3','高热',1,1,0,1,0,0,0,3,2,5,10,3),(34,'<p><span style=\"font-size:12.0000pt\"><span style=\"font-family:宋体\"><span style=\"font-family:宋体\">胫腓骨中</span>1/3骨折患者，复位后，用长腿石膏固定，4个月骨折愈合拆除石膏后，发现膝关节功能发生障碍，其原因是 </span></span></p>\r\n','2017-05-09','rongyu','外科','A3','胫腓骨',0,2,0,0,0,0,1,8,2,2,12,3);
/*!40000 ALTER TABLE `tbl_case` ENABLE KEYS */;
UNLOCK TABLES;

--
-- Table structure for table `tbl_question`
--

DROP TABLE IF EXISTS `tbl_question`;
/*!40101 SET @saved_cs_client     = @@character_set_client */;
/*!40101 SET character_set_client = utf8 */;
CREATE TABLE `tbl_question` (
  `question_id` int(11) NOT NULL AUTO_INCREMENT,
  `case_id` int(11) NOT NULL,
  `title` text NOT NULL,
  `answers` varchar(45) DEFAULT NULL,
  `ftheme` varchar(45) NOT NULL,
  `pscore_count` int(11) NOT NULL DEFAULT '0' COMMENT '正确选项数目',
  `pscore_total` int(11) NOT NULL DEFAULT '0' COMMENT '正确选项总分',
  `nscore_count` int(11) NOT NULL DEFAULT '0' COMMENT '错误选项数目',
  `nscore_total` int(11) NOT NULL DEFAULT '0' COMMENT '错误选项总分',
  `zscore_count` int(11) NOT NULL DEFAULT '0' COMMENT '干扰选项数目',
  `answers_total` int(11) NOT NULL DEFAULT '0' COMMENT '选项总分',
  PRIMARY KEY (`question_id`)
) ENGINE=InnoDB AUTO_INCREMENT=84 DEFAULT CHARSET=utf8mb4;
/*!40101 SET character_set_client = @saved_cs_client */;

--
-- Dumping data for table `tbl_question`
--

LOCK TABLES `tbl_question` WRITE;
/*!40000 ALTER TABLE `tbl_question` DISABLE KEYS */;
INSERT INTO `tbl_question` VALUES (61,23,'%3Cp%3E%3Cspan%20style%3D%22font-size%3A12.0000pt%22%3E%3Cspan%20style%3D%22font-family%3A%u5B8B%u4F53%22%3EA.%u5FC3%u623F%u98A4%u52A8%3C/span%3E%3C/span%3E%3C/p%3E%0A','153,154,155,156','辅助检查',4,16,0,0,0,4),(62,24,'%3Cp%3E%3Cspan%20style%3D%22font-size%3A12.0000pt%22%3E%3Cspan%20style%3D%22font-family%3A%u5B8B%u4F53%22%3E2.%u6709%u5173%u7CD6%u5C3F%u75C5%u4EE3%u8C22%u7D0A%u4E71%2C%u4E0B%u5217%u54EA%u4E00%u9879%u63CF%u8FF0%u6700%u8F85%u5BFC%u4E66%3C/span%3E%3C/span%3E%3C/p%3E%0A','157,158,159,160','确诊',2,2,1,-1,1,4),(63,23,'%3Cp%3E%3Cspan%20style%3D%22font-size%3A12.0000pt%22%3E%3Cspan%20style%3D%22font-family%3A%u5B8B%u4F53%22%3E62.%u5934%u90E8%u5916%u4F24%uFF0C%u610F%u8BC6%u9010%u6E10%u6076%u5316%uFF0C%u7EE7%u5DE6%u77B3%u6563%u5927%uFF0C%u67E5%u89C1%u53F3%u6795%u5934%u76AE%u632B%u4F24%uFF0C%u9885%u9AA8%28-%29%uFF0C%u624B%u672F%u5E94%u9996%u5148%u63A2%u67E5%uFF1A%3C/span%3E%3C/span%3E%3C/p%3E%0A','161,162,163,164','治疗方案',2,11,0,0,2,4),(64,23,'%3Cp%3E%3Cspan%20style%3D%22font-size%3A12.0000pt%22%3E%3Cspan%20style%3D%22font-family%3A%u5B8B%u4F53%22%3EA.%u5DE6%u4FA7%u5C0F%u8111%uFF0C%u7B2C%u56DB%u8111%u5BA4%20%3C/span%3E%3C/span%3E%3C/p%3E%0A','165,166,167','体格检查',2,2,1,-1,0,3),(69,26,'%3Cp%3E%3Cspan%20style%3D%22font-size%3A12.0000pt%22%3E%3Cspan%20style%3D%22font-family%3A%u5B8B%u4F53%22%3EA.%u98DF%u7BA1%u764C%20B.%u8D32%u95E8%u764C%20C.%u8D32%u95E8%u5931%u5F1B%u7F13%u75C7%3C/span%3E%3C/span%3E%3Cbr%20/%3E%0A%3Cspan%20style%3D%22font-size%3A12.0000pt%22%3E%3Cspan%20style%3D%22font-family%3A%u5B8B%u4F53%22%3ED.%u98DF%u7BA1%u61A9%u5BA4%20%u3000E.%u98DF%u7BA1%u5E73%u6ED1%u808C%u7624%3C/span%3E%3C/span%3E%3C/p%3E%0A','185,186,187','辅助检查',2,2,1,-3,0,3),(70,26,'%3Cp%3E%3Cspan%20style%3D%22font-size%3A12.0000pt%22%3E%3Cspan%20style%3D%22font-family%3A%u5B8B%u4F53%22%3E%3Cspan%20style%3D%22font-family%3A%u5B8B%u4F53%22%3E%u4E00%u6765%u81EA%u65B0%u7586%u8349%u539F%u7684%u60A3%u8005%uFF0C%u6709%u80F8%u95F7%u3001%u6C14%u77ED%u3001%u53D1%u70ED%u3001%u545B%u54B3%u3001%u51FA%u73B0%u76AE%u75B9%uFF0C%u54B3%u51FA%u7269%u4E3A%uFF1A%u7C89%u76AE%u6837%u7269%uFF0C%u80F8%u90E8%3C/span%3EX%u7EBF%u68C0%u67E5%uFF1A%u5448%u5706%u5F62%u9634%u5F71%uFF0C%u5BC6%u5EA6%u5747%u5300%uFF0C%u8FB9%u7F18%u6E05%u6670%uFF0C%u6709%u6C14%u6DB2%u9762%u3002%3C/span%3E%3C/span%3E%3C/p%3E%0A','188,189,190,191','问诊',2,16,2,-4,0,4),(71,23,'%3Cp%3E%3Cspan%20style%3D%22font-size%3A12.0000pt%22%3E%3Cspan%20style%3D%22font-family%3A%u5B8B%u4F53%22%3E82.%u7537%uFF0C55%u5C81%uFF0C%u53CD%u590D%u53D1%u4F5C%u65E0%u75DB%u6027%u8089%u773C%u8840%u5C3F%u4E00%u5E74%uFF0CIVU%u793A%u53F3%u80BE%u76C2%u6709%u4E00%u5145%u76C8%u7F3A%u635F%uFF0C%u63D0%u793A%uFF1A%3C/span%3E%3C/span%3E%3C/p%3E%0A','192,193,194,195,196','病人管理',2,2,1,-3,2,5),(72,23,'%3Cp%3E%3Cspan%20style%3D%22font-size%3A12.0000pt%22%3E%3Cspan%20style%3D%22font-family%3A%u5B8B%u4F53%22%3E83.%u5973%u602732%u5C81%uFF0C%u7A81%u7136%u754F%u5BD2%u9AD8%u70E739.5%u2103%uFF0C%u53F3%u8170%u75DB%u4EE5%u53CA%u5C3F%u9891%uFF0C%u5C3F%u6025%u3001%u5C3F%u75DB%uFF0C%u53F3%u8170%u90E8%u53E9%u51FB%u75DB%u3002%u8BCA%u65AD%u662F%uFF1A%3C/span%3E%3C/span%3E%3C/p%3E%0A','197,198,199,200,201','体格检查',3,6,1,-6,1,5),(73,23,'%3Cp%3E%3Cspan%20style%3D%22font-size%3A12.0000pt%22%3E%3Cspan%20style%3D%22font-family%3A%u5B8B%u4F53%22%3E%3Cspan%20style%3D%22font-family%3A%u5B8B%u4F53%22%3E%u7537%u6027%u60A3%u8005%uFF0C%u8FD1%u4E00%u5468%u53CD%u590D%u53D1%u70E7%uFF0C%u5DE6%u8170%u8F7B%u5EA6%u75BC%u75DB%uFF0C%u53E9%u75DB%u660E%u663E%uFF0C%u8FD1%3C/span%3E2%u5929%u51FA%u73B0%u53F3%u9ACB%u5173%u8282%u4E0D%u80FD%u4F38%u5C55%uFF0C%u80F8%u900F%u5DE6%u8188%u808C%u62AC%u9AD8%uFF0C%u6D3B%u52A8%u53D7%u9650%uFF0CKUB%u8170%u5927%u808C%u5F71%u6D88%u5931%u5C3F%u5E38%u89C4%uFF08-%uFF09%u3002%u8BCA%u65AD%u9996%u5148%u8003%u8651%uFF1A%3C/span%3E%3C/span%3E%3C/p%3E%0A','202,203,204,205','确诊',1,1,1,-3,2,4),(74,31,'%3Cp%3E%3Cspan%20style%3D%22font-size%3A12.0000pt%22%3E%3Cspan%20style%3D%22font-family%3A%u5B8B%u4F53%22%3EA.%u80BE%u632B%u4F24%20B.%u80BE%u90E8%u5206%u88C2%u4F24%20C.%u80BE%u5168%u5C42%u88C2%u4F24%3C/span%3E%3C/span%3E%3Cbr%20/%3E%0A%3Cspan%20style%3D%22font-size%3A12.0000pt%22%3E%3Cspan%20style%3D%22font-family%3A%u5B8B%u4F53%22%3ED.%u80BE%u8482%u65AD%u88C2%20E.%u80BE%u88C2%u4F24%u5E76%u6709%u8F93%u5C3F%u7BA1%u635F%u4F24%3C/span%3E%3C/span%3E%3C/p%3E%0A','206,207,208,209,210,211,212,213','初步诊断',1,2,2,-6,5,8),(75,31,'%3Cp%3E%3Cspan%20style%3D%22font-size%3A12.0000pt%22%3E%3Cspan%20style%3D%22font-family%3A%u5B8B%u4F53%22%3EA.%u80BE%u632B%u4F24%20B.%u80BE%u90E8%u5206%u88C2%u4F24%20C.%u80BE%u5168%u5C42%u88C2%u4F24%3C/span%3E%3C/span%3E%3Cbr%20/%3E%0A%3Cspan%20style%3D%22font-size%3A12.0000pt%22%3E%3Cspan%20style%3D%22font-family%3A%u5B8B%u4F53%22%3ED.%u80BE%u8482%u65AD%u88C2%20E.%u80BE%u88C2%u4F24%u5E76%u6709%u8F93%u5C3F%u7BA1%u635F%u4F24%3C/span%3E%3C/span%3E%3C/p%3E%0A','214,215,216,217,218','体格检查',3,6,1,-1,1,5),(76,31,'%3Cp%3EE.%u80BE%u88C2%u4F24%u5E76%u6709%u8F93%u5C3F%u7BA1%u635F%u4F24%3C/p%3E%0A','219,220,221','辅助检查',1,1,0,0,2,3),(77,32,'%3Cp%3E%3Cspan%20style%3D%22font-size%3A12.0000pt%22%3E%3Cspan%20style%3D%22font-family%3A%u5B8B%u4F53%22%3E20%u5C81%u7537%u6027%u60A3%u8005%uFF0C%u6392%u5C3F%u56DB%u5C0F%u65F6%u540E%uFF0C%u4E0B%u8179%u90E8%u632B%u4F24%uFF0C%u5C0F%u8179%u75DB%u3001%u8179%u808C%u7565%u5448%u7D27%u5F20%uFF0C%u5C0F%u4FBF%u4E0D%u80FD%u6392%u51FA%uFF0C%u6700%u597D%u7528%u54EA%u79CD%u65B9%u6CD5%u8BCA%u65AD%uFF1F%3C/span%3E%3C/span%3E%3C/p%3E%0A','222,223,224','治疗方案',2,4,1,-4,0,3),(78,33,'%3Cp%3E%3Cspan%20style%3D%22font-size%3A12.0000pt%22%3E%3Cspan%20style%3D%22font-family%3A%u5B8B%u4F53%22%3EA.%u8D25%u8840%u75C7%20%3C/span%3E%3C/span%3E%3Cbr%20/%3E%0A%3Cspan%20style%3D%22font-size%3A12.0000pt%22%3E%3Cspan%20style%3D%22font-family%3A%u5B8B%u4F53%22%3EB.%u4EA7%u8925%u70ED%20%3C/span%3E%3C/span%3E%3Cbr%20/%3E%0A%3Cspan%20style%3D%22font-size%3A12.0000pt%22%3E%3Cspan%20style%3D%22font-family%3A%u5B8B%u4F53%22%3EC.%u6025%u6027%u80BE%u76C2%u80BE%u708E%3C/span%3E%3C/span%3E%3Cbr%20/%3E%0A%3Cspan%20style%3D%22font-size%3A12.0000pt%22%3E%3Cspan%20style%3D%22font-family%3A%u5B8B%u4F53%22%3ED.%u80BE%u5C0F%u7403%u80BE%u708E%20%3C/span%3E%3C/span%3E%3Cbr%20/%3E%0A%3Cspan%20style%3D%22font-size%3A12.0000pt%22%3E%3Cspan%20style%3D%22font-family%3A%u5B8B%u4F53%22%3EE.%u6025%u6027%u8180%u80F1%u708E%3C/span%3E%3C/span%3E%3C/p%3E%0A','225,226,227','体格检查',1,4,0,0,2,3),(79,33,'%3Cp%3EA.%u8D25%u8840%u75C7%3C/p%3E%0A','228,229,230','确诊',1,1,2,-6,0,3),(80,33,'%3Cp%3E%3Cspan%20style%3D%22font-size%3A12.0000pt%22%3E%3Cspan%20style%3D%22font-family%3A%u5B8B%u4F53%22%3EA.%u8D25%u8840%u75C7%20%3C/span%3E%3C/span%3E%3Cbr%20/%3E%0A%3Cspan%20style%3D%22font-size%3A12.0000pt%22%3E%3Cspan%20style%3D%22font-family%3A%u5B8B%u4F53%22%3EB.%u4EA7%u8925%u70ED%20%3C/span%3E%3C/span%3E%3Cbr%20/%3E%0A%3Cspan%20style%3D%22font-size%3A12.0000pt%22%3E%3Cspan%20style%3D%22font-family%3A%u5B8B%u4F53%22%3EC.%u6025%u6027%u80BE%u76C2%u80BE%u708E%3C/span%3E%3C/span%3E%3Cbr%20/%3E%0A%3Cspan%20style%3D%22font-size%3A12.0000pt%22%3E%3Cspan%20style%3D%22font-family%3A%u5B8B%u4F53%22%3ED.%u80BE%u5C0F%u7403%u80BE%u708E%20%3C/span%3E%3C/span%3E%3Cbr%20/%3E%0A%3Cspan%20style%3D%22font-size%3A12.0000pt%22%3E%3Cspan%20style%3D%22font-family%3A%u5B8B%u4F53%22%3EE.%u6025%u6027%u8180%u80F1%u708E%3C/span%3E%3C/span%3E%3C/p%3E%0A','231,232,233,234','初步诊断',1,1,0,0,3,4),(81,34,'%3Cp%3E%3Cspan%20style%3D%22font-size%3A12.0000pt%22%3E%3Cspan%20style%3D%22font-family%3A%u5B8B%u4F53%22%3EA%uFF0E%u808C%u8089%u840E%u7F29%20%3C/span%3E%3C/span%3E%3Cbr%20/%3E%0A%3Cspan%20style%3D%22font-size%3A12.0000pt%22%3E%3Cspan%20style%3D%22font-family%3A%u5B8B%u4F53%22%3EB%uFF0E%u5173%u8282%u50F5%u786C%20%3C/span%3E%3C/span%3E%3Cbr%20/%3E%0A%3Cspan%20style%3D%22font-size%3A12.0000pt%22%3E%3Cspan%20style%3D%22font-family%3A%u5B8B%u4F53%22%3EC%uFF0E%u5173%u8282%u5F3A%u76F4%20%3C/span%3E%3C/span%3E%3Cbr%20/%3E%0A%3Cspan%20style%3D%22font-size%3A12.0000pt%22%3E%3Cspan%20style%3D%22font-family%3A%u5B8B%u4F53%22%3ED%uFF0E%u9AA8%u6298%u590D%u4F4D%u4E0D%u7406%u60F3%20%3C/span%3E%3C/span%3E%3Cbr%20/%3E%0A%3Cspan%20style%3D%22font-size%3A12.0000pt%22%3E%3Cspan%20style%3D%22font-family%3A%u5B8B%u4F53%22%3EE%uFF0E%u9AA8%u6298%u7578%u5F62%u6108%u5408%20%3C/span%3E%3C/span%3E%3C/p%3E%0A','235,236,237','问诊',2,2,0,0,1,3),(82,34,'%3Cp%3E%3Cspan%20style%3D%22font-size%3A12.0000pt%22%3E%3Cspan%20style%3D%22font-family%3A%u5B8B%u4F53%22%3E91.%u4E00%u540D%u524D%u81C2%u9AA8%u6298%u60A3%u8005%uFF0C%u7ECF%u624B%u6CD5%u590D%u4F4D%uFF0C%u5C0F%u5939%u677F%u56FA%u5B9A5%u5C0F%u65F6%u540E%uFF0C%u611F%u89C9%u5267%u75DB%uFF0C%u624B%u6307%u9EBB%u6728%uFF0C%u80BF%u80C0%uFF0C%u6D3B%u52A8%u4E0D%u7075%uFF0C%u5176%u4E3B%u8981%u539F%u56E0%u662F%20%3C/span%3E%3C/span%3E%3C/p%3E%0A','238,239,240,241,242','初步诊断',3,4,1,-4,1,5),(83,34,'%3Cp%3E%3Cspan%20style%3D%22font-size%3A12.0000pt%22%3E%3Cspan%20style%3D%22font-family%3A%u5B8B%u4F53%22%3E92.50%u5C81%u5973%u6027%uFF0C%u53F3%u80A9%u75DB%uFF0C%u53F3%u4E0A%u80A2%u4E0A%u4E3E%u3001%u5916%u5C55%u53D7%u96508%u4E2A%u6708%uFF0C%u65E0%u80A9%u5468%u7EA2%u3001%u80BF%u3001%u70ED%u7B49%u8868%u73B0%uFF0C%u75BC%u75DB%u53EF%u5411%u9888%u3001%u8033%u3001%u524D%u81C2%u53CA%u624B%u653E%u5C04%u3002%u6700%u53EF%u80FD%u7684%u8BCA%u65AD%u662F%20%3C/span%3E%3C/span%3E%3C/p%3E%0A','243,244,245,246','初步诊断',3,4,1,-3,0,4);
/*!40000 ALTER TABLE `tbl_question` ENABLE KEYS */;
UNLOCK TABLES;
/*!40103 SET TIME_ZONE=@OLD_TIME_ZONE */;

/*!40101 SET SQL_MODE=@OLD_SQL_MODE */;
/*!40014 SET FOREIGN_KEY_CHECKS=@OLD_FOREIGN_KEY_CHECKS */;
/*!40014 SET UNIQUE_CHECKS=@OLD_UNIQUE_CHECKS */;
/*!40101 SET CHARACTER_SET_CLIENT=@OLD_CHARACTER_SET_CLIENT */;
/*!40101 SET CHARACTER_SET_RESULTS=@OLD_CHARACTER_SET_RESULTS */;
/*!40101 SET COLLATION_CONNECTION=@OLD_COLLATION_CONNECTION */;
/*!40111 SET SQL_NOTES=@OLD_SQL_NOTES */;

-- Dump completed on 2017-05-09 18:40:19
